ts	phase	decision	why	evidence	result
2026-09-22T07:18:14Z	frame	Implement non-packaging review fixes in isolated units	User approved fixes and deferred release packaging	docs/release-readiness-2026-09-22.md	open
2026-09-22T07:48:35Z	runtime	Reserved real sessions and retained failed outcome writes for retry	Ancestor resumes and failed commits previously left unsafe or immortal runs	86202e6;be50791;src/supervisor/runtime-regression.test.ts	focused regressions passed
2026-09-22T07:48:35Z	sharing	Bound device starts and profile storage atomically with pagination	Concurrent requests could exhaust global login slots and account storage was unbounded	cedb35b;site/src/lib/db.test.ts	22 site tests and local built Worker checks passed
2026-09-22T07:48:35Z	simplify	Removed activation gates and automatic ratings projection writes	Valid registration and ordinary imports should complete without repeated human steps	src/discovery/discovery.ts;cfd0ade;a31f6cf	type check and executable build passed
2026-09-22T07:48:35Z	integration	Fixed blind cancellation disclosure and shortened shutdown teardown	Integration tests caught identity disclosure and orphaned descendants on host disconnect	src/mcp/server.ts;fef2b83;e6fb41d	MCP regressions passed; full suite running
2026-09-22T07:48:35Z	verification	Ad-hoc signed only the generated local test executable	macOS rejects the fresh compiled signature; release signing automation is deferred	dist/baton;codesign --verify --verbose dist/baton	local signature verified
2026-09-22T08:02:12Z	audit	Rechecked policy immediately before execution and isolated install tracking records	Independent review reproduced late-block execution and concurrent manifest lost updates	da8d219;0308a25;src/supervisor/admission-regression.test.ts;src/cli/install.test.ts	focused regression suites passed
2026-09-22T08:02:13Z	documentation	Updated all shipped workflow instructions and privacy descriptions	Old generated instructions would reintroduce the removed user steps	dff1d02	site build and skill-template equality verified
2026-09-22T08:02:13Z	audit	Used native independent review because Baton MCP was unavailable	No callable Baton server or different-family delegate was available; direct agent CLI substitution is prohibited	AGENTS.md session instructions;review messages from runtime and sharing agents	review limits retained in completion record
2026-09-22T08:03:09Z	complete	Completed non-packaging implementation and final integrated checks	All requested code and workflow changes now have passing local checks	docs/fix-plan-2026-09-22.md;/tmp/baton-verified-root-tests.log;/tmp/baton-final-site-tests.log;/tmp/baton-verified-artifact.log	800 root tests and 22 site tests passed; 12 live tests skipped
